image_path,label_path,source_dataset,source_video,location,split,has_pothole,bbox_count
datasets/processed/pothole/images/train/RDD2022__China_MotorBike_000001.jpg,datasets/processed/pothole/labels/train/RDD2022__China_MotorBike_000001.txt,RDD2022,,China_MotorBike,train,1,1
datasets/processed/pothole/images/train/RDD2022__China_MotorBike_000004.jpg,datasets/processed/pothole/labels/train/RDD2022__China_MotorBike_000004.txt,RDD2022,,China_MotorBike,train,1,1
datasets/processed/pothole/images/train/RDD2022__China_MotorBike_000007.jpg,datasets/processed/pothole/labels/train/RDD2022__China_MotorBike_000007.txt,RDD2022,,China_MotorBike,train,1,1
datasets/processed/pothole/images/train/RDD2022__China_MotorBike_000010.jpg,datasets/processed/pothole/labels/train/RDD2022__China_MotorBike_000010.txt,RDD2022,,China_MotorBike,train,1,2
datasets/processed/pothole/images/train/RDD2022__China_MotorBike_000076.jpg,datasets/processed/pothole/labels/train/RDD2022__China_MotorBike_000076.txt,RDD2022,,China_MotorBike,train,0,0
datasets/processed/pothole/images/train/RDD2022__China_MotorBike_000078.jpg,datasets/processed/pothole/labels/train/RDD2022__China_MotorBike_000078.txt,RDD2022,,China_MotorBike,train,1,1
datasets/processed/pothole/images/train/RDD2022__China_MotorBike_000088.jpg,datasets/processed/pothole/labels/train/RDD2022__China_MotorBike_000088.txt,RDD2022,,China_MotorBike,train,1,2
datasets/processed/pothole/images/train/RDD2022__China_MotorBike_000091.jpg,datasets/processed/pothole/labels/train/RDD2022__China_MotorBike_000091.txt,RDD2022,,China_MotorBike,train,1,2
datasets/processed/pothole/images/train/RDD2022__China_MotorBike_000097.jpg,datasets/processed/pothole/labels/train/RDD2022__China_MotorBike_000097.txt,RDD2022,,China_MotorBike,train,0,0
datasets/processed/pothole/images/train/RDD2022__China_MotorBike_000099.jpg,datasets/processed/pothole/labels/train/RDD2022__China_MotorBike_000099.txt,RDD2022,,China_MotorBike,train,1,1
datasets/processed/pothole/images/train/RDD2022__China_MotorBike_000103.jpg,datasets/processed/pothole/labels/train/RDD2022__China_MotorBike_000103.txt,RDD2022,,China_MotorBike,train,0,0
datasets/processed/pothole/images/train/RDD2022__China_MotorBike_000110.jpg,datasets/processed/pothole/labels/train/RDD2022__China_MotorBike_000110.txt,RDD2022,,China_MotorBike,train,0,0
datasets/processed/pothole/images/train/RDD2022__China_MotorBike_000113.jpg,datasets/processed/pothole/labels/train/RDD2022__China_MotorBike_000113.txt,RDD2022,,China_MotorBike,train,1,1
datasets/processed/pothole/images/train/RDD2022__China_MotorBike_000125.jpg,datasets/processed/pothole/labels/train/RDD2022__China_MotorBike_000125.txt,RDD2022,,China_MotorBike,train,0,0
datasets/processed/pothole/images/train/RDD2022__China_MotorBike_000127.jpg,datasets/processed/pothole/labels/train/RDD2022__China_MotorBike_000127.txt,RDD2022,,China_MotorBike,train,1,1
datasets/processed/pothole/images/train/RDD2022__China_MotorBike_000138.jpg,datasets/processed/pothole/labels/train/RDD2022__China_MotorBike_000138.txt,RDD2022,,China_MotorBike,train,1,1
datasets/processed/pothole/images/train/RDD2022__China_MotorBike_000140.jpg,datasets/processed/pothole/labels/train/RDD2022__China_MotorBike_000140.txt,RDD2022,,China_MotorBike,train,0,0
datasets/processed/pothole/images/train/RDD2022__China_MotorBike_000147.jpg,datasets/processed/pothole/labels/train/RDD2022__China_MotorBike_000147.txt,RDD2022,,China_MotorBike,train,0,0
datasets/processed/pothole/images/train/RDD2022__China_MotorBike_000148.jpg,datasets/processed/pothole/labels/train/RDD2022__China_MotorBike_000148.txt,RDD2022,,China_MotorBike,train,0,0
datasets/processed/pothole/images/train/RDD2022__China_MotorBike_000203.jpg,datasets/processed/pothole/labels/train/RDD2022__China_MotorBike_000203.txt,RDD2022,,China_MotorBike,train,0,0
datasets/processed/pothole/images/train/RDD2022__China_MotorBike_000208.jpg,datasets/processed/pothole/labels/train/RDD2022__China_MotorBike_000208.txt,RDD2022,,China_MotorBike,train,0,0
datasets/processed/pothole/images/train/RDD2022__China_MotorBike_000210.jpg,datasets/processed/pothole/labels/train/RDD2022__China_MotorBike_000210.txt,RDD2022,,China_MotorBike,train,1,1
datasets/processed/pothole/images/train/RDD2022__China_MotorBike_000229.jpg,datasets/processed/pothole/labels/train/RDD2022__China_MotorBike_000229.txt,RDD2022,,China_MotorBike,train,0,0
datasets/processed/pothole/images/train/RDD2022__China_MotorBike_000234.jpg,datasets/processed/pothole/labels/train/RDD2022__China_MotorBike_000234.txt,RDD2022,,China_MotorBike,train,1,1
datasets/processed/pothole/images/train/RDD2022__China_MotorBike_000236.jpg,datasets/processed/pothole/labels/train/RDD2022__China_MotorBike_000236.txt,RDD2022,,China_MotorBike,train,0,0
datasets/processed/pothole/images/train/RDD2022__China_MotorBike_000277.jpg,datasets/processed/pothole/labels/train/RDD2022__China_MotorBike_000277.txt,RDD2022,,China_MotorBike,train,0,0
datasets/processed/pothole/images/train/RDD2022__China_MotorBike_000296.jpg,datasets/processed/pothole/labels/train/RDD2022__China_MotorBike_000296.txt,RDD2022,,China_MotorBike,train,1,3
datasets/processed/pothole/images/train/RDD2022__China_MotorBike_000304.jpg,datasets/processed/pothole/labels/train/RDD2022__China_MotorBike_000304.txt,RDD2022,,China_MotorBike,train,1,2
datasets/processed/pothole/images/train/RDD2022__China_MotorBike_000316.jpg,datasets/processed/pothole/labels/train/RDD2022__China_MotorBike_000316.txt,RDD2022,,China_MotorBike,train,0,0
datasets/processed/pothole/images/train/RDD2022__China_MotorBike_000322.jpg,datasets/processed/pothole/labels/train/RDD2022__China_MotorBike_000322.txt,RDD2022,,China_MotorBike,train,0,0
datasets/processed/pothole/images/train/RDD2022__China_MotorBike_000323.jpg,datasets/processed/pothole/labels/train/RDD2022__China_MotorBike_000323.txt,RDD2022,,China_MotorBike,train,0,0
datasets/processed/pothole/images/train/RDD2022__China_MotorBike_000328.jpg,datasets/processed/pothole/labels/train/RDD2022__China_MotorBike_000328.txt,RDD2022,,China_MotorBike,train,1,2
datasets/processed/pothole/images/train/RDD2022__China_MotorBike_000334.jpg,datasets/processed/pothole/labels/train/RDD2022__China_MotorBike_000334.txt,RDD2022,,China_MotorBike,train,0,0
datasets/processed/pothole/images/train/RDD2022__China_MotorBike_000336.jpg,datasets/processed/pothole/labels/train/RDD2022__China_MotorBike_000336.txt,RDD2022,,China_MotorBike,train,1,2
datasets/processed/pothole/images/train/RDD2022__China_MotorBike_000337.jpg,datasets/processed/pothole/labels/train/RDD2022__China_MotorBike_000337.txt,RDD2022,,China_MotorBike,train,1,1
datasets/processed/pothole/images/train/RDD2022__China_MotorBike_000343.jpg,datasets/processed/pothole/labels/train/RDD2022__China_MotorBike_000343.txt,RDD2022,,China_MotorBike,train,1,1
datasets/processed/pothole/images/train/RDD2022__China_MotorBike_000350.jpg,datasets/processed/pothole/labels/train/RDD2022__China_MotorBike_000350.txt,RDD2022,,China_MotorBike,train,0,0
datasets/processed/pothole/images/train/RDD2022__China_MotorBike_000351.jpg,datasets/processed/pothole/labels/train/RDD2022__China_MotorBike_000351.txt,RDD2022,,China_MotorBike,train,0,0
datasets/processed/pothole/images/train/RDD2022__China_MotorBike_000355.jpg,datasets/processed/pothole/labels/train/RDD2022__China_MotorBike_000355.txt,RDD2022,,China_MotorBike,train,1,1
datasets/processed/pothole/images/train/RDD2022__China_MotorBike_000357.jpg,datasets/processed/pothole/labels/train/RDD2022__China_MotorBike_000357.txt,RDD2022,,China_MotorBike,train,1,1
datasets/processed/pothole/images/train/RDD2022__China_MotorBike_000363.jpg,datasets/processed/pothole/labels/train/RDD2022__China_MotorBike_000363.txt,RDD2022,,China_MotorBike,train,1,1
datasets/processed/pothole/images/train/RDD2022__China_MotorBike_000400.jpg,datasets/processed/pothole/labels/train/RDD2022__China_MotorBike_000400.txt,RDD2022,,China_MotorBike,train,0,0
datasets/processed/pothole/images/train/RDD2022__China_MotorBike_000402.jpg,datasets/processed/pothole/labels/train/RDD2022__China_MotorBike_000402.txt,RDD2022,,China_MotorBike,train,1,1
datasets/processed/pothole/images/train/RDD2022__China_MotorBike_000403.jpg,datasets/processed/pothole/labels/train/RDD2022__China_MotorBike_000403.txt,RDD2022,,China_MotorBike,train,0,0
datasets/processed/pothole/images/train/RDD2022__China_MotorBike_000406.jpg,datasets/processed/pothole/labels/train/RDD2022__China_MotorBike_000406.txt,RDD2022,,China_MotorBike,train,0,0
datasets/processed/pothole/images/train/RDD2022__China_MotorBike_000407.jpg,datasets/processed/pothole/labels/train/RDD2022__China_MotorBike_000407.txt,RDD2022,,China_MotorBike,train,1,2
datasets/processed/pothole/images/train/RDD2022__China_MotorBike_000408.jpg,datasets/processed/pothole/labels/train/RDD2022__China_MotorBike_000408.txt,RDD2022,,China_MotorBike,train,1,1
datasets/processed/pothole/images/train/RDD2022__China_MotorBike_000413.jpg,datasets/processed/pothole/labels/train/RDD2022__China_MotorBike_000413.txt,RDD2022,,China_MotorBike,train,0,0
datasets/processed/pothole/images/train/RDD2022__China_MotorBike_000415.jpg,datasets/processed/pothole/labels/train/RDD2022__China_MotorBike_000415.txt,RDD2022,,China_MotorBike,train,0,0
datasets/processed/pothole/images/train/RDD2022__China_MotorBike_000418.jpg,datasets/processed/pothole/labels/train/RDD2022__China_MotorBike_000418.txt,RDD2022,,China_MotorBike,train,0,0
datasets/processed/pothole/images/train/RDD2022__China_MotorBike_000419.jpg,datasets/processed/pothole/labels/train/RDD2022__China_MotorBike_000419.txt,RDD2022,,China_MotorBike,train,1,3
datasets/processed/pothole/images/train/RDD2022__China_MotorBike_000420.jpg,datasets/processed/pothole/labels/train/RDD2022__China_MotorBike_000420.txt,RDD2022,,China_MotorBike,train,0,0
datasets/processed/pothole/images/train/RDD2022__China_MotorBike_000422.jpg,datasets/processed/pothole/labels/train/RDD2022__China_MotorBike_000422.txt,RDD2022,,China_MotorBike,train,1,1
datasets/processed/pothole/images/train/RDD2022__China_MotorBike_000426.jpg,datasets/processed/pothole/labels/train/RDD2022__China_MotorBike_000426.txt,RDD2022,,China_MotorBike,train,0,0
datasets/processed/pothole/images/train/RDD2022__China_MotorBike_000433.jpg,datasets/processed/pothole/labels/train/RDD2022__China_MotorBike_000433.txt,RDD2022,,China_MotorBike,train,0,0
datasets/processed/pothole/images/train/RDD2022__China_MotorBike_000448.jpg,datasets/processed/pothole/labels/train/RDD2022__China_MotorBike_000448.txt,RDD2022,,China_MotorBike,train,1,1
datasets/processed/pothole/images/train/RDD2022__China_MotorBike_000453.jpg,datasets/processed/pothole/labels/train/RDD2022__China_MotorBike_000453.txt,RDD2022,,China_MotorBike,train,1,2
datasets/processed/pothole/images/train/RDD2022__China_MotorBike_000456.jpg,datasets/processed/pothole/labels/train/RDD2022__China_MotorBike_000456.txt,RDD2022,,China_MotorBike,train,0,0
datasets/processed/pothole/images/train/RDD2022__China_MotorBike_000468.jpg,datasets/processed/pothole/labels/train/RDD2022__China_MotorBike_000468.txt,RDD2022,,China_MotorBike,train,0,0
datasets/processed/pothole/images/train/RDD2022__China_MotorBike_000473.jpg,datasets/processed/pothole/labels/train/RDD2022__China_MotorBike_000473.txt,RDD2022,,China_MotorBike,train,1,1
datasets/processed/pothole/images/train/RDD2022__China_MotorBike_000482.jpg,datasets/processed/pothole/labels/train/RDD2022__China_MotorBike_000482.txt,RDD2022,,China_MotorBike,train,1,2
datasets/processed/pothole/images/train/RDD2022__China_MotorBike_000495.jpg,datasets/processed/pothole/labels/train/RDD2022__China_MotorBike_000495.txt,RDD2022,,China_MotorBike,train,1,1
datasets/processed/pothole/images/train/RDD2022__China_MotorBike_000507.jpg,datasets/processed/pothole/labels/train/RDD2022__China_MotorBike_000507.txt,RDD2022,,China_MotorBike,train,0,0
datasets/processed/pothole/images/train/RDD2022__China_MotorBike_000518.jpg,datasets/processed/pothole/labels/train/RDD2022__China_MotorBike_000518.txt,RDD2022,,China_MotorBike,train,1,1
datasets/processed/pothole/images/train/RDD2022__China_MotorBike_000523.jpg,datasets/processed/pothole/labels/train/RDD2022__China_MotorBike_000523.txt,RDD2022,,China_MotorBike,train,0,0
datasets/processed/pothole/images/train/RDD2022__China_MotorBike_000524.jpg,datasets/processed/pothole/labels/train/RDD2022__China_MotorBike_000524.txt,RDD2022,,China_MotorBike,train,1,1
datasets/processed/pothole/images/train/RDD2022__China_MotorBike_000532.jpg,datasets/processed/pothole/labels/train/RDD2022__China_MotorBike_000532.txt,RDD2022,,China_MotorBike,train,0,0
datasets/processed/pothole/images/train/RDD2022__China_MotorBike_000542.jpg,datasets/processed/pothole/labels/train/RDD2022__China_MotorBike_000542.txt,RDD2022,,China_MotorBike,train,1,2
datasets/processed/pothole/images/train/RDD2022__China_MotorBike_000575.jpg,datasets/processed/pothole/labels/train/RDD2022__China_MotorBike_000575.txt,RDD2022,,China_MotorBike,train,0,0
datasets/processed/pothole/images/train/RDD2022__China_MotorBike_000582.jpg,datasets/processed/pothole/labels/train/RDD2022__China_MotorBike_000582.txt,RDD2022,,China_MotorBike,train,1,1
datasets/processed/pothole/images/train/RDD2022__China_MotorBike_000601.jpg,datasets/processed/pothole/labels/train/RDD2022__China_MotorBike_000601.txt,RDD2022,,China_MotorBike,train,0,0
datasets/processed/pothole/images/train/RDD2022__China_MotorBike_000619.jpg,datasets/processed/pothole/labels/train/RDD2022__China_MotorBike_000619.txt,RDD2022,,China_MotorBike,train,1,1
datasets/processed/pothole/images/train/RDD2022__China_MotorBike_000640.jpg,datasets/processed/pothole/labels/train/RDD2022__China_MotorBike_000640.txt,RDD2022,,China_MotorBike,train,0,0
datasets/processed/pothole/images/train/RDD2022__China_MotorBike_000648.jpg,datasets/processed/pothole/labels/train/RDD2022__China_MotorBike_000648.txt,RDD2022,,China_MotorBike,train,1,1
datasets/processed/pothole/images/train/RDD2022__China_MotorBike_000651.jpg,datasets/processed/pothole/labels/train/RDD2022__China_MotorBike_000651.txt,RDD2022,,China_MotorBike,train,1,2
datasets/processed/pothole/images/train/RDD2022__China_MotorBike_000675.jpg,datasets/processed/pothole/labels/train/RDD2022__China_MotorBike_000675.txt,RDD2022,,China_MotorBike,train,0,0
datasets/processed/pothole/images/train/RDD2022__China_MotorBike_000681.jpg,datasets/processed/pothole/labels/train/RDD2022__China_MotorBike_000681.txt,RDD2022,,China_MotorBike,train,0,0
datasets/processed/pothole/images/train/RDD2022__China_MotorBike_000684.jpg,datasets/processed/pothole/labels/train/RDD2022__China_MotorBike_000684.txt,RDD2022,,China_MotorBike,train,0,0
datasets/processed/pothole/images/train/RDD2022__China_MotorBike_000690.jpg,datasets/processed/pothole/labels/train/RDD2022__China_MotorBike_000690.txt,RDD2022,,China_MotorBike,train,1,1
datasets/processed/pothole/images/train/RDD2022__China_MotorBike_000692.jpg,datasets/processed/pothole/labels/train/RDD2022__China_MotorBike_000692.txt,RDD2022,,China_MotorBike,train,1,1
datasets/processed/pothole/images/train/RDD2022__China_MotorBike_000704.jpg,datasets/processed/pothole/labels/train/RDD2022__China_MotorBike_000704.txt,RDD2022,,China_MotorBike,train,0,0
datasets/processed/pothole/images/train/RDD2022__China_MotorBike_000709.jpg,datasets/processed/pothole/labels/train/RDD2022__China_MotorBike_000709.txt,RDD2022,,China_MotorBike,train,1,1
datasets/processed/pothole/images/train/RDD2022__China_MotorBike_000723.jpg,datasets/processed/pothole/labels/train/RDD2022__China_MotorBike_000723.txt,RDD2022,,China_MotorBike,train,0,0
datasets/processed/pothole/images/train/RDD2022__China_MotorBike_000752.jpg,datasets/processed/pothole/labels/train/RDD2022__China_MotorBike_000752.txt,RDD2022,,China_MotorBike,train,1,1
datasets/processed/pothole/images/train/RDD2022__China_MotorBike_000754.jpg,datasets/processed/pothole/labels/train/RDD2022__China_MotorBike_000754.txt,RDD2022,,China_MotorBike,train,0,0
datasets/processed/pothole/images/train/RDD2022__China_MotorBike_000755.jpg,datasets/processed/pothole/labels/train/RDD2022__China_MotorBike_000755.txt,RDD2022,,China_MotorBike,train,1,1
datasets/processed/pothole/images/train/RDD2022__China_MotorBike_000761.jpg,datasets/processed/pothole/labels/train/RDD2022__China_MotorBike_000761.txt,RDD2022,,China_MotorBike,train,0,0
datasets/processed/pothole/images/train/RDD2022__China_MotorBike_000769.jpg,datasets/processed/pothole/labels/train/RDD2022__China_MotorBike_000769.txt,RDD2022,,China_MotorBike,train,0,0
datasets/processed/pothole/images/train/RDD2022__China_MotorBike_000801.jpg,datasets/processed/pothole/labels/train/RDD2022__China_MotorBike_000801.txt,RDD2022,,China_MotorBike,train,1,3
datasets/processed/pothole/images/train/RDD2022__China_MotorBike_000811.jpg,datasets/processed/pothole/labels/train/RDD2022__China_MotorBike_000811.txt,RDD2022,,China_MotorBike,train,0,0
datasets/processed/pothole/images/train/RDD2022__China_MotorBike_000816.jpg,datasets/processed/pothole/labels/train/RDD2022__China_MotorBike_000816.txt,RDD2022,,China_MotorBike,train,0,0
datasets/processed/pothole/images/train/RDD2022__China_MotorBike_000824.jpg,datasets/processed/pothole/labels/train/RDD2022__China_MotorBike_000824.txt,RDD2022,,China_MotorBike,train,0,0
datasets/processed/pothole/images/train/RDD2022__China_MotorBike_000830.jpg,datasets/processed/pothole/labels/train/RDD2022__China_MotorBike_000830.txt,RDD2022,,China_MotorBike,train,0,0
datasets/processed/pothole/images/train/RDD2022__China_MotorBike_000841.jpg,datasets/processed/pothole/labels/train/RDD2022__China_MotorBike_000841.txt,RDD2022,,China_MotorBike,train,1,2
datasets/processed/pothole/images/train/RDD2022__China_MotorBike_000853.jpg,datasets/processed/pothole/labels/train/RDD2022__China_MotorBike_000853.txt,RDD2022,,China_MotorBike,train,0,0
datasets/processed/pothole/images/train/RDD2022__China_MotorBike_000854.jpg,datasets/processed/pothole/labels/train/RDD2022__China_MotorBike_000854.txt,RDD2022,,China_MotorBike,train,1,2
datasets/processed/pothole/images/train/RDD2022__China_MotorBike_000856.jpg,datasets/processed/pothole/labels/train/RDD2022__China_MotorBike_000856.txt,RDD2022,,China_MotorBike,train,1,1
datasets/processed/pothole/images/train/RDD2022__China_MotorBike_000882.jpg,datasets/processed/pothole/labels/train/RDD2022__China_MotorBike_000882.txt,RDD2022,,China_MotorBike,train,1,1
datasets/processed/pothole/images/train/RDD2022__China_MotorBike_000902.jpg,datasets/processed/pothole/labels/train/RDD2022__China_MotorBike_000902.txt,RDD2022,,China_MotorBike,train,1,1
datasets/processed/pothole/images/train/RDD2022__China_MotorBike_000908.jpg,datasets/processed/pothole/labels/train/RDD2022__China_MotorBike_000908.txt,RDD2022,,China_MotorBike,train,0,0
datasets/processed/pothole/images/train/RDD2022__China_MotorBike_000913.jpg,datasets/processed/pothole/labels/train/RDD2022__China_MotorBike_000913.txt,RDD2022,,China_MotorBike,train,0,0
datasets/processed/pothole/images/train/RDD2022__China_MotorBike_000921.jpg,datasets/processed/pothole/labels/train/RDD2022__China_MotorBike_000921.txt,RDD2022,,China_MotorBike,train,0,0
datasets/processed/pothole/images/train/RDD2022__China_MotorBike_000957.jpg,datasets/processed/pothole/labels/train/RDD2022__China_MotorBike_000957.txt,RDD2022,,China_MotorBike,train,1,1
datasets/processed/pothole/images/train/RDD2022__China_MotorBike_000964.jpg,datasets/processed/pothole/labels/train/RDD2022__China_MotorBike_000964.txt,RDD2022,,China_MotorBike,train,0,0
datasets/processed/pothole/images/train/RDD2022__China_MotorBike_000971.jpg,datasets/processed/pothole/labels/train/RDD2022__China_MotorBike_000971.txt,RDD2022,,China_MotorBike,train,1,2
datasets/processed/pothole/images/train/RDD2022__China_MotorBike_000976.jpg,datasets/processed/pothole/labels/train/RDD2022__China_MotorBike_000976.txt,RDD2022,,China_MotorBike,train,1,2
datasets/processed/pothole/images/train/RDD2022__China_MotorBike_000982.jpg,datasets/processed/pothole/labels/train/RDD2022__China_MotorBike_000982.txt,RDD2022,,China_MotorBike,train,0,0
datasets/processed/pothole/images/train/RDD2022__China_MotorBike_000985.jpg,datasets/processed/pothole/labels/train/RDD2022__China_MotorBike_000985.txt,RDD2022,,China_MotorBike,train,1,1
datasets/processed/pothole/images/train/RDD2022__China_MotorBike_000990.jpg,datasets/processed/pothole/labels/train/RDD2022__China_MotorBike_000990.txt,RDD2022,,China_MotorBike,train,1,1
datasets/processed/pothole/images/train/RDD2022__China_MotorBike_000991.jpg,datasets/processed/pothole/labels/train/RDD2022__China_MotorBike_000991.txt,RDD2022,,China_MotorBike,train,0,0
datasets/processed/pothole/images/train/RDD2022__China_MotorBike_000996.jpg,datasets/processed/pothole/labels/train/RDD2022__China_MotorBike_000996.txt,RDD2022,,China_MotorBike,train,1,1
datasets/processed/pothole/images/train/RDD2022__China_MotorBike_000997.jpg,datasets/processed/pothole/labels/train/RDD2022__China_MotorBike_000997.txt,RDD2022,,China_MotorBike,train,0,0
datasets/processed/pothole/images/train/RDD2022__China_MotorBike_001001.jpg,datasets/processed/pothole/labels/train/RDD2022__China_MotorBike_001001.txt,RDD2022,,China_MotorBike,train,1,1
datasets/processed/pothole/images/train/RDD2022__China_MotorBike_001002.jpg,datasets/processed/pothole/labels/train/RDD2022__China_MotorBike_001002.txt,RDD2022,,China_MotorBike,train,1,2
datasets/processed/pothole/images/train/RDD2022__China_MotorBike_001015.jpg,datasets/processed/pothole/labels/train/RDD2022__China_MotorBike_001015.txt,RDD2022,,China_MotorBike,train,1,1
datasets/processed/pothole/images/train/RDD2022__China_MotorBike_001016.jpg,datasets/processed/pothole/labels/train/RDD2022__China_MotorBike_001016.txt,RDD2022,,China_MotorBike,train,1,1
datasets/processed/pothole/images/train/RDD2022__China_MotorBike_001019.jpg,datasets/processed/pothole/labels/train/RDD2022__China_MotorBike_001019.txt,RDD2022,,China_MotorBike,train,1,1
datasets/processed/pothole/images/train/RDD2022__China_MotorBike_001033.jpg,datasets/processed/pothole/labels/train/RDD2022__China_MotorBike_001033.txt,RDD2022,,China_MotorBike,train,1,3
datasets/processed/pothole/images/train/RDD2022__China_MotorBike_001038.jpg,datasets/processed/pothole/labels/train/RDD2022__China_MotorBike_001038.txt,RDD2022,,China_MotorBike,train,1,1
datasets/processed/pothole/images/train/RDD2022__China_MotorBike_001041.jpg,datasets/processed/pothole/labels/train/RDD2022__China_MotorBike_001041.txt,RDD2022,,China_MotorBike,train,1,1
datasets/processed/pothole/images/train/RDD2022__China_MotorBike_001044.jpg,datasets/processed/pothole/labels/train/RDD2022__China_MotorBike_001044.txt,RDD2022,,China_MotorBike,train,1,3
datasets/processed/pothole/images/train/RDD2022__China_MotorBike_001045.jpg,datasets/processed/pothole/labels/train/RDD2022__China_MotorBike_001045.txt,RDD2022,,China_MotorBike,train,0,0
datasets/processed/pothole/images/train/RDD2022__China_MotorBike_001047.jpg,datasets/processed/pothole/labels/train/RDD2022__China_MotorBike_001047.txt,RDD2022,,China_MotorBike,train,1,1
datasets/processed/pothole/images/train/RDD2022__China_MotorBike_001050.jpg,datasets/processed/pothole/labels/train/RDD2022__China_MotorBike_001050.txt,RDD2022,,China_MotorBike,train,0,0
datasets/processed/pothole/images/train/RDD2022__China_MotorBike_001052.jpg,datasets/processed/pothole/labels/train/RDD2022__China_MotorBike_001052.txt,RDD2022,,China_MotorBike,train,0,0
datasets/processed/pothole/images/train/RDD2022__China_MotorBike_001059.jpg,datasets/processed/pothole/labels/train/RDD2022__China_MotorBike_001059.txt,RDD2022,,China_MotorBike,train,1,3
datasets/processed/pothole/images/train/RDD2022__China_MotorBike_001061.jpg,datasets/processed/pothole/labels/train/RDD2022__China_MotorBike_001061.txt,RDD2022,,China_MotorBike,train,1,1
datasets/processed/pothole/images/train/RDD2022__China_MotorBike_001066.jpg,datasets/processed/pothole/labels/train/RDD2022__China_MotorBike_001066.txt,RDD2022,,China_MotorBike,train,0,0
datasets/processed/pothole/images/train/RDD2022__China_MotorBike_001073.jpg,datasets/processed/pothole/labels/train/RDD2022__China_MotorBike_001073.txt,RDD2022,,China_MotorBike,train,1,2
datasets/processed/pothole/images/train/RDD2022__China_MotorBike_001081.jpg,datasets/processed/pothole/labels/train/RDD2022__China_MotorBike_001081.txt,RDD2022,,China_MotorBike,train,0,0
datasets/processed/pothole/images/train/RDD2022__China_MotorBike_001084.jpg,datasets/processed/pothole/labels/train/RDD2022__China_MotorBike_001084.txt,RDD2022,,China_MotorBike,train,1,2
datasets/processed/pothole/images/train/RDD2022__China_MotorBike_001090.jpg,datasets/processed/pothole/labels/train/RDD2022__China_MotorBike_001090.txt,RDD2022,,China_MotorBike,train,1,1
datasets/processed/pothole/images/train/RDD2022__China_MotorBike_001094.jpg,datasets/processed/pothole/labels/train/RDD2022__China_MotorBike_001094.txt,RDD2022,,China_MotorBike,train,0,0
datasets/processed/pothole/images/train/RDD2022__China_MotorBike_001097.jpg,datasets/processed/pothole/labels/train/RDD2022__China_MotorBike_001097.txt,RDD2022,,China_MotorBike,train,0,0
datasets/processed/pothole/images/train/RDD2022__China_MotorBike_001101.jpg,datasets/processed/pothole/labels/train/RDD2022__China_MotorBike_001101.txt,RDD2022,,China_MotorBike,train,0,0
datasets/processed/pothole/images/train/RDD2022__China_MotorBike_001107.jpg,datasets/processed/pothole/labels/train/RDD2022__China_MotorBike_001107.txt,RDD2022,,China_MotorBike,train,1,1
datasets/processed/pothole/images/train/RDD2022__China_MotorBike_001110.jpg,datasets/processed/pothole/labels/train/RDD2022__China_MotorBike_001110.txt,RDD2022,,China_MotorBike,train,0,0
datasets/processed/pothole/images/train/RDD2022__China_MotorBike_001115.jpg,datasets/processed/pothole/labels/train/RDD2022__China_MotorBike_001115.txt,RDD2022,,China_MotorBike,train,1,2
datasets/processed/pothole/images/train/RDD2022__China_MotorBike_001119.jpg,datasets/processed/pothole/labels/train/RDD2022__China_MotorBike_001119.txt,RDD2022,,China_MotorBike,train,0,0
datasets/processed/pothole/images/train/RDD2022__China_MotorBike_001137.jpg,datasets/processed/pothole/labels/train/RDD2022__China_MotorBike_001137.txt,RDD2022,,China_MotorBike,train,0,0
datasets/processed/pothole/images/train/RDD2022__China_MotorBike_001139.jpg,datasets/processed/pothole/labels/train/RDD2022__China_MotorBike_001139.txt,RDD2022,,China_MotorBike,train,1,1
datasets/processed/pothole/images/train/RDD2022__China_MotorBike_001152.jpg,datasets/processed/pothole/labels/train/RDD2022__China_MotorBike_001152.txt,RDD2022,,China_MotorBike,train,1,1
datasets/processed/pothole/images/train/RDD2022__China_MotorBike_001162.jpg,datasets/processed/pothole/labels/train/RDD2022__China_MotorBike_001162.txt,RDD2022,,China_MotorBike,train,0,0
datasets/processed/pothole/images/train/RDD2022__China_MotorBike_001170.jpg,datasets/processed/pothole/labels/train/RDD2022__China_MotorBike_001170.txt,RDD2022,,China_MotorBike,train,0,0
datasets/processed/pothole/images/train/RDD2022__China_MotorBike_001176.jpg,datasets/processed/pothole/labels/train/RDD2022__China_MotorBike_001176.txt,RDD2022,,China_MotorBike,train,1,1
datasets/processed/pothole/images/train/RDD2022__China_MotorBike_001183.jpg,datasets/processed/pothole/labels/train/RDD2022__China_MotorBike_001183.txt,RDD2022,,China_MotorBike,train,0,0
datasets/processed/pothole/images/train/RDD2022__China_MotorBike_001189.jpg,datasets/processed/pothole/labels/train/RDD2022__China_MotorBike_001189.txt,RDD2022,,China_MotorBike,train,1,2
datasets/processed/pothole/images/train/RDD2022__China_MotorBike_001191.jpg,datasets/processed/pothole/labels/train/RDD2022__China_MotorBike_001191.txt,RDD2022,,China_MotorBike,train,0,0
datasets/processed/pothole/images/train/RDD2022__China_MotorBike_001196.jpg,datasets/processed/pothole/labels/train/RDD2022__China_MotorBike_001196.txt,RDD2022,,China_MotorBike,train,1,1
datasets/processed/pothole/images/train/RDD2022__China_MotorBike_001204.jpg,datasets/processed/pothole/labels/train/RDD2022__China_MotorBike_001204.txt,RDD2022,,China_MotorBike,train,1,1
datasets/processed/pothole/images/train/RDD2022__China_MotorBike_001217.jpg,datasets/processed/pothole/labels/train/RDD2022__China_MotorBike_001217.txt,RDD2022,,China_MotorBike,train,1,2
datasets/processed/pothole/images/train/RDD2022__China_MotorBike_001233.jpg,datasets/processed/pothole/labels/train/RDD2022__China_MotorBike_001233.txt,RDD2022,,China_MotorBike,train,1,1
datasets/processed/pothole/images/train/RDD2022__China_MotorBike_001236.jpg,datasets/processed/pothole/labels/train/RDD2022__China_MotorBike_001236.txt,RDD2022,,China_MotorBike,train,1,2
datasets/processed/pothole/images/train/RDD2022__China_MotorBike_001246.jpg,datasets/processed/pothole/labels/train/RDD2022__China_MotorBike_001246.txt,RDD2022,,China_MotorBike,train,1,2
datasets/processed/pothole/images/train/RDD2022__China_MotorBike_001247.jpg,datasets/processed/pothole/labels/train/RDD2022__China_MotorBike_001247.txt,RDD2022,,China_MotorBike,train,0,0
datasets/processed/pothole/images/train/RDD2022__China_MotorBike_001328.jpg,datasets/processed/pothole/labels/train/RDD2022__China_MotorBike_001328.txt,RDD2022,,China_MotorBike,train,0,0
datasets/processed/pothole/images/train/RDD2022__China_MotorBike_001335.jpg,datasets/processed/pothole/labels/train/RDD2022__China_MotorBike_001335.txt,RDD2022,,China_MotorBike,train,0,0
datasets/processed/pothole/images/train/RDD2022__China_MotorBike_001338.jpg,datasets/processed/pothole/labels/train/RDD2022__China_MotorBike_001338.txt,RDD2022,,China_MotorBike,train,0,0
datasets/processed/pothole/images/train/RDD2022__China_MotorBike_001340.jpg,datasets/processed/pothole/labels/train/RDD2022__China_MotorBike_001340.txt,RDD2022,,China_MotorBike,train,1,1
datasets/processed/pothole/images/train/RDD2022__China_MotorBike_001341.jpg,datasets/processed/pothole/labels/train/RDD2022__China_MotorBike_001341.txt,RDD2022,,China_MotorBike,train,0,0
datasets/processed/pothole/images/train/RDD2022__China_MotorBike_001345.jpg,datasets/processed/pothole/labels/train/RDD2022__China_MotorBike_001345.txt,RDD2022,,China_MotorBike,train,0,0
datasets/processed/pothole/images/train/RDD2022__China_MotorBike_001350.jpg,datasets/processed/pothole/labels/train/RDD2022__China_MotorBike_001350.txt,RDD2022,,China_MotorBike,train,1,2
datasets/processed/pothole/images/train/RDD2022__China_MotorBike_001360.jpg,datasets/processed/pothole/labels/train/RDD2022__China_MotorBike_001360.txt,RDD2022,,China_MotorBike,train,0,0
datasets/processed/pothole/images/train/RDD2022__China_MotorBike_001361.jpg,datasets/processed/pothole/labels/train/RDD2022__China_MotorBike_001361.txt,RDD2022,,China_MotorBike,train,0,0
datasets/processed/pothole/images/train/RDD2022__China_MotorBike_001366.jpg,datasets/processed/pothole/labels/train/RDD2022__China_MotorBike_001366.txt,RDD2022,,China_MotorBike,train,0,0
datasets/processed/pothole/images/train/RDD2022__China_MotorBike_001370.jpg,datasets/processed/pothole/labels/train/RDD2022__China_MotorBike_001370.txt,RDD2022,,China_MotorBike,train,1,1
datasets/processed/pothole/images/train/RDD2022__China_MotorBike_001385.jpg,datasets/processed/pothole/labels/train/RDD2022__China_MotorBike_001385.txt,RDD2022,,China_MotorBike,train,0,0
datasets/processed/pothole/images/train/RDD2022__China_MotorBike_001386.jpg,datasets/processed/pothole/labels/train/RDD2022__China_MotorBike_001386.txt,RDD2022,,China_MotorBike,train,0,0
datasets/processed/pothole/images/train/RDD2022__China_MotorBike_001390.jpg,datasets/processed/pothole/labels/train/RDD2022__China_MotorBike_001390.txt,RDD2022,,China_MotorBike,train,0,0
datasets/processed/pothole/images/train/RDD2022__China_MotorBike_001391.jpg,datasets/processed/pothole/labels/train/RDD2022__China_MotorBike_001391.txt,RDD2022,,China_MotorBike,train,0,0
datasets/processed/pothole/images/train/RDD2022__China_MotorBike_001395.jpg,datasets/processed/pothole/labels/train/RDD2022__China_MotorBike_001395.txt,RDD2022,,China_MotorBike,train,1,2
datasets/processed/pothole/images/train/RDD2022__China_MotorBike_001398.jpg,datasets/processed/pothole/labels/train/RDD2022__China_MotorBike_001398.txt,RDD2022,,China_MotorBike,train,0,0
datasets/processed/pothole/images/train/RDD2022__China_MotorBike_001419.jpg,datasets/processed/pothole/labels/train/RDD2022__China_MotorBike_001419.txt,RDD2022,,China_MotorBike,train,1,1
datasets/processed/pothole/images/train/RDD2022__China_MotorBike_001423.jpg,datasets/processed/pothole/labels/train/RDD2022__China_MotorBike_001423.txt,RDD2022,,China_MotorBike,train,0,0
datasets/processed/pothole/images/train/RDD2022__China_MotorBike_001424.jpg,datasets/processed/pothole/labels/train/RDD2022__China_MotorBike_001424.txt,RDD2022,,China_MotorBike,train,1,3
datasets/processed/pothole/images/train/RDD2022__China_MotorBike_001452.jpg,datasets/processed/pothole/labels/train/RDD2022__China_MotorBike_001452.txt,RDD2022,,China_MotorBike,train,1,1
datasets/processed/pothole/images/train/RDD2022__China_MotorBike_001460.jpg,datasets/processed/pothole/labels/train/RDD2022__China_MotorBike_001460.txt,RDD2022,,China_MotorBike,train,1,1
datasets/processed/pothole/images/train/RDD2022__China_MotorBike_001462.jpg,datasets/processed/pothole/labels/train/RDD2022__China_MotorBike_001462.txt,RDD2022,,China_MotorBike,train,0,0
datasets/processed/pothole/images/train/RDD2022__China_MotorBike_001467.jpg,datasets/processed/pothole/labels/train/RDD2022__China_MotorBike_001467.txt,RDD2022,,China_MotorBike,train,0,0
datasets/processed/pothole/images/train/RDD2022__China_MotorBike_001475.jpg,datasets/processed/pothole/labels/train/RDD2022__China_MotorBike_001475.txt,RDD2022,,China_MotorBike,train,0,0
datasets/processed/pothole/images/train/RDD2022__China_MotorBike_001484.jpg,datasets/processed/pothole/labels/train/RDD2022__China_MotorBike_001484.txt,RDD2022,,China_MotorBike,train,0,0
datasets/processed/pothole/images/train/RDD2022__China_MotorBike_001491.jpg,datasets/processed/pothole/labels/train/RDD2022__China_MotorBike_001491.txt,RDD2022,,China_MotorBike,train,0,0
datasets/processed/pothole/images/train/RDD2022__China_MotorBike_001501.jpg,datasets/processed/pothole/labels/train/RDD2022__China_MotorBike_001501.txt,RDD2022,,China_MotorBike,train,0,0
datasets/processed/pothole/images/train/RDD2022__China_MotorBike_001506.jpg,datasets/processed/pothole/labels/train/RDD2022__China_MotorBike_001506.txt,RDD2022,,China_MotorBike,train,0,0
datasets/processed/pothole/images/train/RDD2022__China_MotorBike_001508.jpg,datasets/processed/pothole/labels/train/RDD2022__China_MotorBike_001508.txt,RDD2022,,China_MotorBike,train,1,1
datasets/processed/pothole/images/train/RDD2022__China_MotorBike_001516.jpg,datasets/processed/pothole/labels/train/RDD2022__China_MotorBike_001516.txt,RDD2022,,China_MotorBike,train,1,1
datasets/processed/pothole/images/train/RDD2022__China_MotorBike_001520.jpg,datasets/processed/pothole/labels/train/RDD2022__China_MotorBike_001520.txt,RDD2022,,China_MotorBike,train,1,1
datasets/processed/pothole/images/train/RDD2022__China_MotorBike_001521.jpg,datasets/processed/pothole/labels/train/RDD2022__China_MotorBike_001521.txt,RDD2022,,China_MotorBike,train,1,1
datasets/processed/pothole/images/train/RDD2022__China_MotorBike_001527.jpg,datasets/processed/pothole/labels/train/RDD2022__China_MotorBike_001527.txt,RDD2022,,China_MotorBike,train,0,0
datasets/processed/pothole/images/train/RDD2022__China_MotorBike_001532.jpg,datasets/processed/pothole/labels/train/RDD2022__China_MotorBike_001532.txt,RDD2022,,China_MotorBike,train,1,3
datasets/processed/pothole/images/train/RDD2022__China_MotorBike_001535.jpg,datasets/processed/pothole/labels/train/RDD2022__China_MotorBike_001535.txt,RDD2022,,China_MotorBike,train,1,1
datasets/processed/pothole/images/train/RDD2022__China_MotorBike_001537.jpg,datasets/processed/pothole/labels/train/RDD2022__China_MotorBike_001537.txt,RDD2022,,China_MotorBike,train,1,1
datasets/processed/pothole/images/train/RDD2022__China_MotorBike_001546.jpg,datasets/processed/pothole/labels/train/RDD2022__China_MotorBike_001546.txt,RDD2022,,China_MotorBike,train,1,1
datasets/processed/pothole/images/train/RDD2022__China_MotorBike_001605.jpg,datasets/processed/pothole/labels/train/RDD2022__China_MotorBike_001605.txt,RDD2022,,China_MotorBike,train,0,0
datasets/processed/pothole/images/train/RDD2022__China_MotorBike_001607.jpg,datasets/processed/pothole/labels/train/RDD2022__China_MotorBike_001607.txt,RDD2022,,China_MotorBike,train,1,1
datasets/processed/pothole/images/train/RDD2022__China_MotorBike_001610.jpg,datasets/processed/pothole/labels/train/RDD2022__China_MotorBike_001610.txt,RDD2022,,China_MotorBike,train,1,3
datasets/processed/pothole/images/train/RDD2022__China_MotorBike_001611.jpg,datasets/processed/pothole/labels/train/RDD2022__China_MotorBike_001611.txt,RDD2022,,China_MotorBike,train,1,3
datasets/processed/pothole/images/train/RDD2022__China_MotorBike_001617.jpg,datasets/processed/pothole/labels/train/RDD2022__China_MotorBike_001617.txt,RDD2022,,China_MotorBike,train,0,0
datasets/processed/pothole/images/train/RDD2022__China_MotorBike_001655.jpg,datasets/processed/pothole/labels/train/RDD2022__China_MotorBike_001655.txt,RDD2022,,China_MotorBike,train,1,1
datasets/processed/pothole/images/train/RDD2022__China_MotorBike_001661.jpg,datasets/processed/pothole/labels/train/RDD2022__China_MotorBike_001661.txt,RDD2022,,China_MotorBike,train,1,1
datasets/processed/pothole/images/train/RDD2022__China_MotorBike_001662.jpg,datasets/processed/pothole/labels/train/RDD2022__China_MotorBike_001662.txt,RDD2022,,China_MotorBike,train,1,1
datasets/processed/pothole/images/train/RDD2022__China_MotorBike_001665.jpg,datasets/processed/pothole/labels/train/RDD2022__China_MotorBike_001665.txt,RDD2022,,China_MotorBike,train,1,3
datasets/processed/pothole/images/train/RDD2022__China_MotorBike_001673.jpg,datasets/processed/pothole/labels/train/RDD2022__China_MotorBike_001673.txt,RDD2022,,China_MotorBike,train,0,0
datasets/processed/pothole/images/train/RDD2022__China_MotorBike_001775.jpg,datasets/processed/pothole/labels/train/RDD2022__China_MotorBike_001775.txt,RDD2022,,China_MotorBike,train,0,0
datasets/processed/pothole/images/train/RDD2022__China_MotorBike_001794.jpg,datasets/processed/pothole/labels/train/RDD2022__China_MotorBike_001794.txt,RDD2022,,China_MotorBike,train,1,1
datasets/processed/pothole/images/train/RDD2022__China_MotorBike_001800.jpg,datasets/processed/pothole/labels/train/RDD2022__China_MotorBike_001800.txt,RDD2022,,China_MotorBike,train,1,1
datasets/processed/pothole/images/train/RDD2022__China_MotorBike_001805.jpg,datasets/processed/pothole/labels/train/RDD2022__China_MotorBike_001805.txt,RDD2022,,China_MotorBike,train,0,0
datasets/processed/pothole/images/train/RDD2022__China_MotorBike_001807.jpg,datasets/processed/pothole/labels/train/RDD2022__China_MotorBike_001807.txt,RDD2022,,China_MotorBike,train,0,0
datasets/processed/pothole/images/train/RDD2022__China_MotorBike_001811.jpg,datasets/processed/pothole/labels/train/RDD2022__China_MotorBike_001811.txt,RDD2022,,China_MotorBike,train,1,2
datasets/processed/pothole/images/train/RDD2022__China_MotorBike_001815.jpg,datasets/processed/pothole/labels/train/RDD2022__China_MotorBike_001815.txt,RDD2022,,China_MotorBike,train,1,1
datasets/processed/pothole/images/train/RDD2022__China_MotorBike_001816.jpg,datasets/processed/pothole/labels/train/RDD2022__China_MotorBike_001816.txt,RDD2022,,China_MotorBike,train,1,2
datasets/processed/pothole/images/train/RDD2022__China_MotorBike_001819.jpg,datasets/processed/pothole/labels/train/RDD2022__China_MotorBike_001819.txt,RDD2022,,China_MotorBike,train,1,2
datasets/processed/pothole/images/train/RDD2022__China_MotorBike_001823.jpg,datasets/processed/pothole/labels/train/RDD2022__China_MotorBike_001823.txt,RDD2022,,China_MotorBike,train,0,0
datasets/processed/pothole/images/train/RDD2022__China_MotorBike_001824.jpg,datasets/processed/pothole/labels/train/RDD2022__China_MotorBike_001824.txt,RDD2022,,China_MotorBike,train,0,0
datasets/processed/pothole/images/train/RDD2022__China_MotorBike_001827.jpg,datasets/processed/pothole/labels/train/RDD2022__China_MotorBike_001827.txt,RDD2022,,China_MotorBike,train,0,0
datasets/processed/pothole/images/train/RDD2022__China_MotorBike_001829.jpg,datasets/processed/pothole/labels/train/RDD2022__China_MotorBike_001829.txt,RDD2022,,China_MotorBike,train,0,0
datasets/processed/pothole/images/train/RDD2022__China_MotorBike_001839.jpg,datasets/processed/pothole/labels/train/RDD2022__China_MotorBike_001839.txt,RDD2022,,China_MotorBike,train,1,2
datasets/processed/pothole/images/train/RDD2022__China_MotorBike_001841.jpg,datasets/processed/pothole/labels/train/RDD2022__China_MotorBike_001841.txt,RDD2022,,China_MotorBike,train,1,2
datasets/processed/pothole/images/train/RDD2022__China_MotorBike_001842.jpg,datasets/processed/pothole/labels/train/RDD2022__China_MotorBike_001842.txt,RDD2022,,China_MotorBike,train,1,2
datasets/processed/pothole/images/train/RDD2022__China_MotorBike_001846.jpg,datasets/processed/pothole/labels/train/RDD2022__China_MotorBike_001846.txt,RDD2022,,China_MotorBike,train,0,0
datasets/processed/pothole/images/train/RDD2022__China_MotorBike_001853.jpg,datasets/processed/pothole/labels/train/RDD2022__China_MotorBike_001853.txt,RDD2022,,China_MotorBike,train,1,1
datasets/processed/pothole/images/train/RDD2022__China_MotorBike_001876.jpg,datasets/processed/pothole/labels/train/RDD2022__China_MotorBike_001876.txt,RDD2022,,China_MotorBike,train,1,2
datasets/processed/pothole/images/train/RDD2022__China_MotorBike_001888.jpg,datasets/processed/pothole/labels/train/RDD2022__China_MotorBike_001888.txt,RDD2022,,China_MotorBike,train,1,1
datasets/processed/pothole/images/train/RDD2022__China_MotorBike_001889.jpg,datasets/processed/pothole/labels/train/RDD2022__China_MotorBike_001889.txt,RDD2022,,China_MotorBike,train,0,0
datasets/processed/pothole/images/train/RDD2022__China_MotorBike_001925.jpg,datasets/processed/pothole/labels/train/RDD2022__China_MotorBike_001925.txt,RDD2022,,China_MotorBike,train,1,2
datasets/processed/pothole/images/train/RDD2022__China_MotorBike_001945.jpg,datasets/processed/pothole/labels/train/RDD2022__China_MotorBike_001945.txt,RDD2022,,China_MotorBike,train,0,0
datasets/processed/pothole/images/train/RDD2022__China_MotorBike_001962.jpg,datasets/processed/pothole/labels/train/RDD2022__China_MotorBike_001962.txt,RDD2022,,China_MotorBike,train,0,0
datasets/processed/pothole/images/train/RDD2022__China_MotorBike_001965.jpg,datasets/processed/pothole/labels/train/RDD2022__China_MotorBike_001965.txt,RDD2022,,China_MotorBike,train,1,3
datasets/processed/pothole/images/train/RDD2022__China_MotorBike_001974.jpg,datasets/processed/pothole/labels/train/RDD2022__China_MotorBike_001974.txt,RDD2022,,China_MotorBike,train,0,0
datasets/processed/pothole/images/val/RDD2022__China_MotorBike_000028.jpg,datasets/processed/pothole/labels/val/RDD2022__China_MotorBike_000028.txt,RDD2022,,China_MotorBike,val,0,0
datasets/processed/pothole/images/val/RDD2022__China_MotorBike_000031.jpg,datasets/processed/pothole/labels/val/RDD2022__China_MotorBike_000031.txt,RDD2022,,China_MotorBike,val,0,0
datasets/processed/pothole/images/val/RDD2022__China_MotorBike_000035.jpg,datasets/processed/pothole/labels/val/RDD2022__China_MotorBike_000035.txt,RDD2022,,China_MotorBike,val,1,1
datasets/processed/pothole/images/val/RDD2022__China_MotorBike_000043.jpg,datasets/processed/pothole/labels/val/RDD2022__China_MotorBike_000043.txt,RDD2022,,China_MotorBike,val,0,0
datasets/processed/pothole/images/val/RDD2022__China_MotorBike_000047.jpg,datasets/processed/pothole/labels/val/RDD2022__China_MotorBike_000047.txt,RDD2022,,China_MotorBike,val,1,1
datasets/processed/pothole/images/val/RDD2022__China_MotorBike_000048.jpg,datasets/processed/pothole/labels/val/RDD2022__China_MotorBike_000048.txt,RDD2022,,China_MotorBike,val,0,0
datasets/processed/pothole/images/val/RDD2022__China_MotorBike_000175.jpg,datasets/processed/pothole/labels/val/RDD2022__China_MotorBike_000175.txt,RDD2022,,China_MotorBike,val,0,0
datasets/processed/pothole/images/val/RDD2022__China_MotorBike_000188.jpg,datasets/processed/pothole/labels/val/RDD2022__China_MotorBike_000188.txt,RDD2022,,China_MotorBike,val,1,3
datasets/processed/pothole/images/val/RDD2022__China_MotorBike_000195.jpg,datasets/processed/pothole/labels/val/RDD2022__China_MotorBike_000195.txt,RDD2022,,China_MotorBike,val,1,3
datasets/processed/pothole/images/val/RDD2022__China_MotorBike_000197.jpg,datasets/processed/pothole/labels/val/RDD2022__China_MotorBike_000197.txt,RDD2022,,China_MotorBike,val,0,0
datasets/processed/pothole/images/val/RDD2022__China_MotorBike_000261.jpg,datasets/processed/pothole/labels/val/RDD2022__China_MotorBike_000261.txt,RDD2022,,China_MotorBike,val,0,0
datasets/processed/pothole/images/val/RDD2022__China_MotorBike_000266.jpg,datasets/processed/pothole/labels/val/RDD2022__China_MotorBike_000266.txt,RDD2022,,China_MotorBike,val,1,1
datasets/processed/pothole/images/val/RDD2022__China_MotorBike_000375.jpg,datasets/processed/pothole/labels/val/RDD2022__China_MotorBike_000375.txt,RDD2022,,China_MotorBike,val,0,0
datasets/processed/pothole/images/val/RDD2022__China_MotorBike_000382.jpg,datasets/processed/pothole/labels/val/RDD2022__China_MotorBike_000382.txt,RDD2022,,China_MotorBike,val,0,0
datasets/processed/pothole/images/val/RDD2022__China_MotorBike_000387.jpg,datasets/processed/pothole/labels/val/RDD2022__China_MotorBike_000387.txt,RDD2022,,China_MotorBike,val,0,0
datasets/processed/pothole/images/val/RDD2022__China_MotorBike_000388.jpg,datasets/processed/pothole/labels/val/RDD2022__China_MotorBike_000388.txt,RDD2022,,China_MotorBike,val,0,0
datasets/processed/pothole/images/val/RDD2022__China_MotorBike_000390.jpg,datasets/processed/pothole/labels/val/RDD2022__China_MotorBike_000390.txt,RDD2022,,China_MotorBike,val,0,0
datasets/processed/pothole/images/val/RDD2022__China_MotorBike_000394.jpg,datasets/processed/pothole/labels/val/RDD2022__China_MotorBike_000394.txt,RDD2022,,China_MotorBike,val,1,1
datasets/processed/pothole/images/val/RDD2022__China_MotorBike_000395.jpg,datasets/processed/pothole/labels/val/RDD2022__China_MotorBike_000395.txt,RDD2022,,China_MotorBike,val,0,0
datasets/processed/pothole/images/val/RDD2022__China_MotorBike_000398.jpg,datasets/processed/pothole/labels/val/RDD2022__China_MotorBike_000398.txt,RDD2022,,China_MotorBike,val,0,0
datasets/processed/pothole/images/val/RDD2022__China_MotorBike_000552.jpg,datasets/processed/pothole/labels/val/RDD2022__China_MotorBike_000552.txt,RDD2022,,China_MotorBike,val,1,1
datasets/processed/pothole/images/val/RDD2022__China_MotorBike_000553.jpg,datasets/processed/pothole/labels/val/RDD2022__China_MotorBike_000553.txt,RDD2022,,China_MotorBike,val,1,1
datasets/processed/pothole/images/val/RDD2022__China_MotorBike_000564.jpg,datasets/processed/pothole/labels/val/RDD2022__China_MotorBike_000564.txt,RDD2022,,China_MotorBike,val,0,0
datasets/processed/pothole/images/val/RDD2022__China_MotorBike_000566.jpg,datasets/processed/pothole/labels/val/RDD2022__China_MotorBike_000566.txt,RDD2022,,China_MotorBike,val,0,0
datasets/processed/pothole/images/val/RDD2022__China_MotorBike_000567.jpg,datasets/processed/pothole/labels/val/RDD2022__China_MotorBike_000567.txt,RDD2022,,China_MotorBike,val,1,1
datasets/processed/pothole/images/val/RDD2022__China_MotorBike_000568.jpg,datasets/processed/pothole/labels/val/RDD2022__China_MotorBike_000568.txt,RDD2022,,China_MotorBike,val,0,0
datasets/processed/pothole/images/val/RDD2022__China_MotorBike_000573.jpg,datasets/processed/pothole/labels/val/RDD2022__China_MotorBike_000573.txt,RDD2022,,China_MotorBike,val,0,0
datasets/processed/pothole/images/val/RDD2022__China_MotorBike_000736.jpg,datasets/processed/pothole/labels/val/RDD2022__China_MotorBike_000736.txt,RDD2022,,China_MotorBike,val,1,1
datasets/processed/pothole/images/val/RDD2022__China_MotorBike_000739.jpg,datasets/processed/pothole/labels/val/RDD2022__China_MotorBike_000739.txt,RDD2022,,China_MotorBike,val,0,0
datasets/processed/pothole/images/val/RDD2022__China_MotorBike_000742.jpg,datasets/processed/pothole/labels/val/RDD2022__China_MotorBike_000742.txt,RDD2022,,China_MotorBike,val,0,0
datasets/processed/pothole/images/val/RDD2022__China_MotorBike_001281.jpg,datasets/processed/pothole/labels/val/RDD2022__China_MotorBike_001281.txt,RDD2022,,China_MotorBike,val,0,0
datasets/processed/pothole/images/val/RDD2022__China_MotorBike_001286.jpg,datasets/processed/pothole/labels/val/RDD2022__China_MotorBike_001286.txt,RDD2022,,China_MotorBike,val,0,0
datasets/processed/pothole/images/val/RDD2022__China_MotorBike_001290.jpg,datasets/processed/pothole/labels/val/RDD2022__China_MotorBike_001290.txt,RDD2022,,China_MotorBike,val,0,0
datasets/processed/pothole/images/val/RDD2022__China_MotorBike_001293.jpg,datasets/processed/pothole/labels/val/RDD2022__China_MotorBike_001293.txt,RDD2022,,China_MotorBike,val,1,1
datasets/processed/pothole/images/val/RDD2022__China_MotorBike_001296.jpg,datasets/processed/pothole/labels/val/RDD2022__China_MotorBike_001296.txt,RDD2022,,China_MotorBike,val,0,0
datasets/processed/pothole/images/val/RDD2022__China_MotorBike_001631.jpg,datasets/processed/pothole/labels/val/RDD2022__China_MotorBike_001631.txt,RDD2022,,China_MotorBike,val,1,1
datasets/processed/pothole/images/val/RDD2022__China_MotorBike_001633.jpg,datasets/processed/pothole/labels/val/RDD2022__China_MotorBike_001633.txt,RDD2022,,China_MotorBike,val,1,1
datasets/processed/pothole/images/val/RDD2022__China_MotorBike_001641.jpg,datasets/processed/pothole/labels/val/RDD2022__China_MotorBike_001641.txt,RDD2022,,China_MotorBike,val,1,1
datasets/processed/pothole/images/val/RDD2022__China_MotorBike_001643.jpg,datasets/processed/pothole/labels/val/RDD2022__China_MotorBike_001643.txt,RDD2022,,China_MotorBike,val,0,0
datasets/processed/pothole/images/val/RDD2022__China_MotorBike_001648.jpg,datasets/processed/pothole/labels/val/RDD2022__China_MotorBike_001648.txt,RDD2022,,China_MotorBike,val,0,0
datasets/processed/pothole/images/val/RDD2022__China_MotorBike_001680.jpg,datasets/processed/pothole/labels/val/RDD2022__China_MotorBike_001680.txt,RDD2022,,China_MotorBike,val,1,2
datasets/processed/pothole/images/val/RDD2022__China_MotorBike_001681.jpg,datasets/processed/pothole/labels/val/RDD2022__China_MotorBike_001681.txt,RDD2022,,China_MotorBike,val,1,1
datasets/processed/pothole/images/val/RDD2022__China_MotorBike_001682.jpg,datasets/processed/pothole/labels/val/RDD2022__China_MotorBike_001682.txt,RDD2022,,China_MotorBike,val,0,0
datasets/processed/pothole/images/val/RDD2022__China_MotorBike_001686.jpg,datasets/processed/pothole/labels/val/RDD2022__China_MotorBike_001686.txt,RDD2022,,China_MotorBike,val,0,0
datasets/processed/pothole/images/val/RDD2022__China_MotorBike_001692.jpg,datasets/processed/pothole/labels/val/RDD2022__China_MotorBike_001692.txt,RDD2022,,China_MotorBike,val,0,0
datasets/processed/pothole/images/val/RDD2022__China_MotorBike_001695.jpg,datasets/processed/pothole/labels/val/RDD2022__China_MotorBike_001695.txt,RDD2022,,China_MotorBike,val,0,0
datasets/processed/pothole/images/val/RDD2022__China_MotorBike_001726.jpg,datasets/processed/pothole/labels/val/RDD2022__China_MotorBike_001726.txt,RDD2022,,China_MotorBike,val,1,1
datasets/processed/pothole/images/val/RDD2022__China_MotorBike_001728.jpg,datasets/processed/pothole/labels/val/RDD2022__China_MotorBike_001728.txt,RDD2022,,China_MotorBike,val,0,0
datasets/processed/pothole/images/val/RDD2022__China_MotorBike_001730.jpg,datasets/processed/pothole/labels/val/RDD2022__China_MotorBike_001730.txt,RDD2022,,China_MotorBike,val,0,0
datasets/processed/pothole/images/val/RDD2022__China_MotorBike_001732.jpg,datasets/processed/pothole/labels/val/RDD2022__China_MotorBike_001732.txt,RDD2022,,China_MotorBike,val,0,0
datasets/processed/pothole/images/val/RDD2022__China_MotorBike_001735.jpg,datasets/processed/pothole/labels/val/RDD2022__China_MotorBike_001735.txt,RDD2022,,China_MotorBike,val,1,1
datasets/processed/pothole/images/val/RDD2022__China_MotorBike_001747.jpg,datasets/processed/pothole/labels/val/RDD2022__China_MotorBike_001747.txt,RDD2022,,China_MotorBike,val,1,1
datasets/processed/pothole/images/val/RDD2022__China_MotorBike_001753.jpg,datasets/processed/pothole/labels/val/RDD2022__China_MotorBike_001753.txt,RDD2022,,China_MotorBike,val,0,0
datasets/processed/pothole/images/val/RDD2022__China_MotorBike_001756.jpg,datasets/processed/pothole/labels/val/RDD2022__China_MotorBike_001756.txt,RDD2022,,China_MotorBike,val,0,0
datasets/processed/pothole/images/val/RDD2022__China_MotorBike_001761.jpg,datasets/processed/pothole/labels/val/RDD2022__China_MotorBike_001761.txt,RDD2022,,China_MotorBike,val,0,0
datasets/processed/pothole/images/val/RDD2022__China_MotorBike_001764.jpg,datasets/processed/pothole/labels/val/RDD2022__China_MotorBike_001764.txt,RDD2022,,China_MotorBike,val,0,0
datasets/processed/pothole/images/val/RDD2022__China_MotorBike_001765.jpg,datasets/processed/pothole/labels/val/RDD2022__China_MotorBike_001765.txt,RDD2022,,China_MotorBike,val,0,0
datasets/processed/pothole/images/val/RDD2022__China_MotorBike_001766.jpg,datasets/processed/pothole/labels/val/RDD2022__China_MotorBike_001766.txt,RDD2022,,China_MotorBike,val,1,1
datasets/processed/pothole/images/val/RDD2022__China_MotorBike_001770.jpg,datasets/processed/pothole/labels/val/RDD2022__China_MotorBike_001770.txt,RDD2022,,China_MotorBike,val,0,0
datasets/processed/pothole/images/val/RDD2022__China_MotorBike_001771.jpg,datasets/processed/pothole/labels/val/RDD2022__China_MotorBike_001771.txt,RDD2022,,China_MotorBike,val,0,0
datasets/processed/pothole/images/val/RDD2022__China_MotorBike_001901.jpg,datasets/processed/pothole/labels/val/RDD2022__China_MotorBike_001901.txt,RDD2022,,China_MotorBike,val,0,0
datasets/processed/pothole/images/val/RDD2022__China_MotorBike_001905.jpg,datasets/processed/pothole/labels/val/RDD2022__China_MotorBike_001905.txt,RDD2022,,China_MotorBike,val,1,3
datasets/processed/pothole/images/val/RDD2022__China_MotorBike_001913.jpg,datasets/processed/pothole/labels/val/RDD2022__China_MotorBike_001913.txt,RDD2022,,China_MotorBike,val,1,1
datasets/processed/pothole/images/val/RDD2022__China_MotorBike_001918.jpg,datasets/processed/pothole/labels/val/RDD2022__China_MotorBike_001918.txt,RDD2022,,China_MotorBike,val,0,0
datasets/processed/pothole/images/val/RDD2022__China_MotorBike_001924.jpg,datasets/processed/pothole/labels/val/RDD2022__China_MotorBike_001924.txt,RDD2022,,China_MotorBike,val,1,1
datasets/processed/pothole/images/val/RDD2022__China_MotorBike_001976.jpg,datasets/processed/pothole/labels/val/RDD2022__China_MotorBike_001976.txt,RDD2022,,China_MotorBike,val,0,0
datasets/processed/pothole/images/test/RDD2022__China_MotorBike_000050.jpg,datasets/processed/pothole/labels/test/RDD2022__China_MotorBike_000050.txt,RDD2022,,China_MotorBike,test,1,1
datasets/processed/pothole/images/test/RDD2022__China_MotorBike_000052.jpg,datasets/processed/pothole/labels/test/RDD2022__China_MotorBike_000052.txt,RDD2022,,China_MotorBike,test,0,0
datasets/processed/pothole/images/test/RDD2022__China_MotorBike_000064.jpg,datasets/processed/pothole/labels/test/RDD2022__China_MotorBike_000064.txt,RDD2022,,China_MotorBike,test,1,1
datasets/processed/pothole/images/test/RDD2022__China_MotorBike_000068.jpg,datasets/processed/pothole/labels/test/RDD2022__China_MotorBike_000068.txt,RDD2022,,China_MotorBike,test,0,0
datasets/processed/pothole/images/test/RDD2022__China_MotorBike_000150.jpg,datasets/processed/pothole/labels/test/RDD2022__China_MotorBike_000150.txt,RDD2022,,China_MotorBike,test,1,2
datasets/processed/pothole/images/test/RDD2022__China_MotorBike_000151.jpg,datasets/processed/pothole/labels/test/RDD2022__China_MotorBike_000151.txt,RDD2022,,China_MotorBike,test,1,3
datasets/processed/pothole/images/test/RDD2022__China_MotorBike_000154.jpg,datasets/processed/pothole/labels/test/RDD2022__China_MotorBike_000154.txt,RDD2022,,China_MotorBike,test,0,0
datasets/processed/pothole/images/test/RDD2022__China_MotorBike_000163.jpg,datasets/processed/pothole/labels/test/RDD2022__China_MotorBike_000163.txt,RDD2022,,China_MotorBike,test,1,1
datasets/processed/pothole/images/test/RDD2022__China_MotorBike_000171.jpg,datasets/processed/pothole/labels/test/RDD2022__China_MotorBike_000171.txt,RDD2022,,China_MotorBike,test,1,1
datasets/processed/pothole/images/test/RDD2022__China_MotorBike_000777.jpg,datasets/processed/pothole/labels/test/RDD2022__China_MotorBike_000777.txt,RDD2022,,China_MotorBike,test,0,0
datasets/processed/pothole/images/test/RDD2022__China_MotorBike_000781.jpg,datasets/processed/pothole/labels/test/RDD2022__China_MotorBike_000781.txt,RDD2022,,China_MotorBike,test,1,1
datasets/processed/pothole/images/test/RDD2022__China_MotorBike_000783.jpg,datasets/processed/pothole/labels/test/RDD2022__China_MotorBike_000783.txt,RDD2022,,China_MotorBike,test,0,0
datasets/processed/pothole/images/test/RDD2022__China_MotorBike_000786.jpg,datasets/processed/pothole/labels/test/RDD2022__China_MotorBike_000786.txt,RDD2022,,China_MotorBike,test,1,1
datasets/processed/pothole/images/test/RDD2022__China_MotorBike_000939.jpg,datasets/processed/pothole/labels/test/RDD2022__China_MotorBike_000939.txt,RDD2022,,China_MotorBike,test,0,0
datasets/processed/pothole/images/test/RDD2022__China_MotorBike_000940.jpg,datasets/processed/pothole/labels/test/RDD2022__China_MotorBike_000940.txt,RDD2022,,China_MotorBike,test,1,1
datasets/processed/pothole/images/test/RDD2022__China_MotorBike_001254.jpg,datasets/processed/pothole/labels/test/RDD2022__China_MotorBike_001254.txt,RDD2022,,China_MotorBike,test,0,0
datasets/processed/pothole/images/test/RDD2022__China_MotorBike_001258.jpg,datasets/processed/pothole/labels/test/RDD2022__China_MotorBike_001258.txt,RDD2022,,China_MotorBike,test,0,0
datasets/processed/pothole/images/test/RDD2022__China_MotorBike_001300.jpg,datasets/processed/pothole/labels/test/RDD2022__China_MotorBike_001300.txt,RDD2022,,China_MotorBike,test,1,1
datasets/processed/pothole/images/test/RDD2022__China_MotorBike_001307.jpg,datasets/processed/pothole/labels/test/RDD2022__China_MotorBike_001307.txt,RDD2022,,China_MotorBike,test,1,2
datasets/processed/pothole/images/test/RDD2022__China_MotorBike_001316.jpg,datasets/processed/pothole/labels/test/RDD2022__China_MotorBike_001316.txt,RDD2022,,China_MotorBike,test,0,0
datasets/processed/pothole/images/test/RDD2022__China_MotorBike_001437.jpg,datasets/processed/pothole/labels/test/RDD2022__China_MotorBike_001437.txt,RDD2022,,China_MotorBike,test,1,2
datasets/processed/pothole/images/test/RDD2022__China_MotorBike_001441.jpg,datasets/processed/pothole/labels/test/RDD2022__China_MotorBike_001441.txt,RDD2022,,China_MotorBike,test,0,0
datasets/processed/pothole/images/test/RDD2022__China_MotorBike_001444.jpg,datasets/processed/pothole/labels/test/RDD2022__China_MotorBike_001444.txt,RDD2022,,China_MotorBike,test,0,0
datasets/processed/pothole/images/test/RDD2022__China_MotorBike_001449.jpg,datasets/processed/pothole/labels/test/RDD2022__China_MotorBike_001449.txt,RDD2022,,China_MotorBike,test,1,1
datasets/processed/pothole/images/test/RDD2022__China_MotorBike_001550.jpg,datasets/processed/pothole/labels/test/RDD2022__China_MotorBike_001550.txt,RDD2022,,China_MotorBike,test,1,1
datasets/processed/pothole/images/test/RDD2022__China_MotorBike_001553.jpg,datasets/processed/pothole/labels/test/RDD2022__China_MotorBike_001553.txt,RDD2022,,China_MotorBike,test,1,1
datasets/processed/pothole/images/test/RDD2022__China_MotorBike_001562.jpg,datasets/processed/pothole/labels/test/RDD2022__China_MotorBike_001562.txt,RDD2022,,China_MotorBike,test,1,1
datasets/processed/pothole/images/test/RDD2022__China_MotorBike_001571.jpg,datasets/processed/pothole/labels/test/RDD2022__China_MotorBike_001571.txt,RDD2022,,China_MotorBike,test,1,1
datasets/processed/pothole/images/test/RDD2022__China_MotorBike_001572.jpg,datasets/processed/pothole/labels/test/RDD2022__China_MotorBike_001572.txt,RDD2022,,China_MotorBike,test,1,1
datasets/processed/pothole/images/test/RDD2022__China_MotorBike_001578.jpg,datasets/processed/pothole/labels/test/RDD2022__China_MotorBike_001578.txt,RDD2022,,China_MotorBike,test,1,2
datasets/processed/pothole/images/test/RDD2022__China_MotorBike_001579.jpg,datasets/processed/pothole/labels/test/RDD2022__China_MotorBike_001579.txt,RDD2022,,China_MotorBike,test,1,1
datasets/processed/pothole/images/test/RDD2022__China_MotorBike_001589.jpg,datasets/processed/pothole/labels/test/RDD2022__China_MotorBike_001589.txt,RDD2022,,China_MotorBike,test,0,0
datasets/processed/pothole/images/test/RDD2022__China_MotorBike_001590.jpg,datasets/processed/pothole/labels/test/RDD2022__China_MotorBike_001590.txt,RDD2022,,China_MotorBike,test,1,2
